<?xml version="1.0" encoding="UTF-8"?>
<project-private xmlns="http://www.netbeans.org/ns/project-private/1">
    <editor-bookmarks xmlns="http://www.netbeans.org/ns/editor-bookmarks/2" lastBookmarkId="0"/>
    <open-files xmlns="http://www.netbeans.org/ns/projectui-open-files/2">
        <group>
            <file>file:/C:/Users/Vladimir/Downloads/WebProdavnica/src/java/model/ProdajaModel.java</file>
            <file>file:/C:/Users/Vladimir/Downloads/WebProdavnica/src/java/model/ProizvodiModel.java</file>
            <file>file:/C:/Users/Vladimir/Downloads/WebProdavnica/web/WEB-INF/jsp/Kupci.jsp</file>
            <file>file:/C:/Users/Vladimir/Downloads/WebProdavnica/web/WEB-INF/applicationContext.xml</file>
        </group>
    </open-files>
</project-private>
