<?xml version='1.0' encoding='utf-8'?>

<!DOCTYPE hibernate-configuration PUBLIC "-//Hibernate/Hibernate Configuration DTD 3.0//EN" "http://www.hibernate.org/dtd/hibernate-configuration-3.0.dtd">
      
<hibernate-configuration>
    <session-factory>
 <property name="hibernate.dialect">org.hibernate.dialect.MySQLDialect</property>
    <property name="hibernate.connection.driver_class">com.mysql.jdbc.Driver</property>
    <property name="hibernate.connection.url">jdbc:mysql://localhost:3306/internet_sell?zeroDateTimeBehavior=convertToNull</property>
    <property name="hibernate.connection.username">root</property>
    <property name="hibernate.connection.password">radiografija4</property>
      <property name="connection.pool_size">1</property>
         <property name="hibernate.hbm2ddl.auto">update</property>
       <property name="hibernate.connection.autocommit">true</property>
       <property name="show_sql">true</property>
        <mapping class="model.Contract"/>
    </session-factory>
</hibernate-configuration>
